name,city,state,url,img_url,mascot
Abraham Lincoln University,Los Angeles,CA,www.alu.edu,https://www.universities.com/assets/site/logos/abraham-lincoln-university-logo-25833.jpg,
Alabama State University,Montgomery,AL,www.alasu.edu,https://upload.wikimedia.org/wikipedia/en/1/18/AlStateU_seal.png,Hornets
American University,Washington,DC,www.american.edu,http://www.american.edu/ucm/resources/images/au_logo_v_1.png,Eagles
Appalachian State University,Boone,NC,www.appstate.edu/,https://s3.amazonaws.com/pa-hrsuite-production/1345/docs/19194.png,Mountaineers
Arizona State University,Tempe,AZ,www.asu.edu,http://logonoid.com/images/arizona-state-university-logo.png,Sun Devils
Arkansas State University,State University,AR,www.astate.edu,http://media.graytvinc.com/images/asu_logo_acad2c.jpg,Red Wolves
Ashland University,Ashland,OH,www.ashland.edu,https://upload.wikimedia.org/wikipedia/en/3/39/Ashland_University_logo.png,Eagles
Auburn University Main Campus,Auburn University,AL,www.auburn.edu,http://www.auburn.edu/tso_web/sites/turkish.localhost/files/images/auburn_university_logo001.jpg,Tigers
Baldwin-Wallace College,Berea,OH,www.bw.edu,http://www.american-school-search.com/images/logo/baldwin-wallace-college.png,Yellow Jackets
Bluffton University,Bluffton,OH,www.bluffton.edu,http://thecourier.com/wp-content/uploads/2016/11/BlufftonUniversityLogo.jpg,Beavers
Boston College,Chestnut Hill,MA,WWW.BC.EDU,https://upload.wikimedia.org/wikipedia/en/thumb/5/5b/Boston_College_Seal.svg/1024px-Boston_College_Seal.svg.png,Eagles
Boston University,Boston,MA,www.bu.edu,http://www.bu.edu/anthrop/files/2015/09/2000px-Boston_University_Wordmark.png,Terriers
Bowie State University,Bowie,MD,www.bowiestate.edu,https://www.bowiestate.edu/files/resources/bsu-logo_yllw-flame-blk-text.png,Bulldogs
Bowling Green State University,Bowling Green,OH,www.bgsu.edu,http://www.gmkfreelogos.com/logos/B/img/bowling_green_falcons.gif,Falcons
Bucknell University,Lewisburg,PA,www.bucknell.edu,http://www.bucknell.edu/Images/Depts/President/Seal2.gif,Bison
California State University - Fullerton,Fullerton,CA,www.fullerton.edu,http://www.ca.gov/-/media/Agencies/University-California-State/logo-CSU.ashx,Titans
California State University - Los Angeles,Los Angeles,CA,www.calstatela.edu,http://www.ca.gov/-/media/Agencies/University-California-State/logo-CSU.ashx,Golden Eagles
California State University - Northridge,Northridge,CA,www.csun.edu,http://www.ca.gov/-/media/Agencies/University-California-State/logo-CSU.ashx,Matadors
California State University - San Bernardino,San Bernardino,CA,www.csusb.edu,http://www.ca.gov/-/media/Agencies/University-California-State/logo-CSU.ashx,Coyotes
California State University - San Marcos,San Marcos,CA,www.csusm.edu,http://www.ca.gov/-/media/Agencies/University-California-State/logo-CSU.ashx,Cougars
Capital University,Columbus,OH,www.capital.edu,https://webapps.capital.edu/print/Images/capital.png,Crusaders
Carnegie Mellon University,Pittsburgh,PA,www.cmu.edu/,https://www.cmu.edu/marcom/brand-standards/images/red-seal-greater-than-two-inches-min.png,Tartans
Carroll College,Helena,MT,www.carroll.edu,https://www.carroll.edu/sites/carroll.edu/files/content/carroll-college/marketing-communications/logos/CC_logo_purple.png,Fightin Saints
Cedarville University,Cedarville,OH,www.cedarville.edu,https://www.cedarville.edu/~/media/Images/Campus-News/News/2014/CU-Logo-(1).jpg,Yellow Jackets
Central Michigan University,Mount Pleasant,MI,WWW.CMICH.EDU,https://www.google.com/search?q=Central+michigan+university+logo&tbm=isch&tbo=u&source=univ&sa=X&ved=0ahUKEwifjKDa4LbUAhUM4IMKHRDKAVoQsAQIJw&biw=1440&bih=759#imgrc=vkZESkMiFL6skM:,Chippewas
Central State University,Wilberforce,OH,www.centralstate.edu,https://www.cappex.com/assets/c-201690/logos/central-state-university_2013-10-03_16-12-59.439.png,Mauraders
Clark State Community College,Springfield,OH,www.clarkstate.edu,https://www.clarkstate.edu/img/Clark_State_Logo.png,Eagles
Colorado State University,Fort Collins,CO,www.colostate.edu,http://source.colostate.edu/wp-content/themes/source/images/csu-logo.png,Rams
Colorado State University - Pueblo,Pueblo,CO,www.colostate-pueblo.edu,http://source.colostate.edu/wp-content/themes/source/images/csu-logo.png,
Columbus College of Art and Design,Columbus,OH,WWW.CCAD.EDU,http://payload124.cargocollective.com/1/9/288092/4781899/ccad_2.jpg,The Owls
Columbus State Community College,Columbus,OH,www.cscc.edu,http://www.american-school-search.com/images/logo/columbus-state-community-college.png,Cougars
Cornell University,Ithaca,NY,www.cornell.edu,https://giving-day-content.givegab.com/cornell2017/app/images/day-of-giving-logo-horizontal.svg,Big Red
Creighton University,Omaha,NE,www.creighton.edu,https://www.creighton.edu/fileadmin/user/UCOM/logos/visible/CreightonUniv_286_RGB.jpg,Blue Jays
Davis College,Toledo,OH,www.daviscollege.edu,https://lh6.googleusercontent.com/-Jg9Y4ABRACA/VH5EAJ9CHYI/AAAAAAAAADc/5nW2WcVBmcw/w800-h800/davis_seal_4_web-1.JPG,Falcons
Defiance College,Defiance,OH,www.defiance.edu,https://www.cappex.com/assets/c-202514/logos/defiance-college_2014-08-07_09-41-12.809.png,Yellow Jackets
Delaware State University,Dover,DE,www.desu.edu,https://tuportal4.temple.edu/apps/tup/Public/TransferRules/img/logo/130934.png,Hornets
Denison University,Granville,OH,www.denison.edu,http://threatmanagement.chemeketa.edu/wp-content/uploads/Denison-logo.jpg,Big Red
DeSales University,Center Valley,PA,www.desales.edu,http://www.desales.edu/images/default-source/logos/desales-university-logo.jpg?sfvrsn=2,Bulldogs
Duke University,Durham,NC,www.duke.edu,https://upload.wikimedia.org/wikipedia/commons/thumb/e/e6/Duke_University_logo.svg/1280px-Duke_University_logo.svg.png,Blue Devils
Elon University,Elon,NC,www.elon.edu,https://www.elon.edu/photomanager/getimage.ashx?id=2489&w=520&crop=&q=80,Phoenix
Fayetteville State University,Fayetteville,NC,www.uncfsu.edu,http://www.uncfsu.edu/images/shared/logos/officialFSUlogo300.gif,Broncos
Ferris State University,Big Rapids,MI,www.ferris.edu/,http://www.mcc.edu/university_center/imag_uc/Ferris_Box_Flame_Stacked_Wordmark_2012.png,Bulldogs
Franklin University,Columbus,OH,www.franklin.edu,http://www.performancexpress.org/wp-content/uploads/2011/01/Franklin-University-Logo.jpg,Raiders
Frostburg State University,Frostburg,MD,www.frostburg.edu,http://dru-cdn.zipcar.com/sites/default/files/landing-pages/fsulogored.jpg,Bobcats
George Mason University,Fairfax,VA,www.gmu.edu,http://brand.gmu.edu/wp-content/uploads/assets/primarylogo/PC/GMURGB.jpg,Patriots
"George Washington University, The",Washington,DC,www.gwu.edu,https://creativeservices.gwu.edu/sites/creativeservices.gwu.edu/files/downloads/gw_ahz_4cp_pos.png,Buffs
Georgetown University,Washington,DC,www.georgetown.edu,https://qatar.sfs.georgetown.edu/sites/default/files/georgetownlogo.png,Hoyas
Harvard University,Cambridge,MA,www.harvard.edu/,https://seeklogo.com/images/H/harvard-university-logo-63E7093ACF-seeklogo.com.jpg,Pilgrims
Heidelberg University,Tiffin,OH,www.heidelberg.edu,http://www.bestvaluecolleges.org/files/nominees/dcfcf1216133be71098fa6550e5d8afe1.jpg,The Student Princes
High Point University,High Point,NC,www.highpoint.edu,https://upload.wikimedia.org/wikipedia/en/1/10/High_Point_University_logo.png,Panthers
Hiram College,Hiram,OH,WWW.HIRAM.EDU,http://olneyfriends.org/wp-content/uploads/2015/07/Hiram-College-Logo.jpg,Terriers
Hood College,Frederick,MD,www.hood.edu,https://s3.amazonaws.com/localstaffing-resources/images/college_logos/hood-college.png,Blazers
Howard University,Washington,DC,www.howard.edu,http://undergraduatestudies.howard.edu/images/site/hu-tower.png,Bison
Indiana University - Purdue University Fort Wayne,Fort Wayne,IN,www.ipfw.edu,https://www.purdue.edu/brand/images/logos/graphic-purdueLogoUsage.jpg,Boilermakers
Indiana University Bloomington,Bloomington,IN,www.iu.edu,https://bison.usgs.gov/ipt/logo.do?r=indianauniv-hemlocks-under1000m2-2005-2013,Hoosiers
James A Rhodes State College,Lima,OH,www.RhodesState.edu,http://ohiocommunitycolleges.org/wp-content/uploads/2014/09/rhodesstate.jpg,Barons
John Brown University,Siloam Springs,AR,www.jbu.edu,https://upload.wikimedia.org/wikipedia/en/e/ea/John_Brown_University_stacked_logo.png,Golden Eagles
John Carroll University,University Heights,OH,www.jcu.edu,https://microsites.jcu.edu/sportsstudies/images/Logo.png,Blue Streaks
Johns Hopkins University,Baltimore,MD,www.jhu.edu,http://www.underconsideration.com/brandnew/archives/jhu_new_logo_large.gif,Blue Jays
Kalamazoo College,Kalamazoo,MI,www.kzoo.edu,https://www.collegetransitions.com/wp-content/uploads/2015/12/kalamazoo_2.png,Hornets
Kent State University,Kent,OH,www.kent.edu,https://s3.amazonaws.com/undeniable.kent.edu/files/kent_state_university_stacked_2-color.png,Golden Flashes
Kenyon College,Gambier,OH,www.kenyon.edu/,http://ccojubilee.org/am-site/media/kenyonlogoweb.png,Lords and Ladies
Kettering College,Kettering,OH,kcma.edu,https://www.universities.com/assets/site/logos/kettering-college-logo-10608.jpg,Bulldogs
Kettering University,Flint Township,MI,WWW.KETTERING.EDU,https://www.google.com/search?q=Kettering+University&source=lnms&tbm=isch&sa=X&ved=0ahUKEwiD8ov94LbUAhUK3IMKHYrCC1MQ_AUIDCgD&biw=1440&bih=759#imgrc=V6aksk8jNzSKAM:,Bulldogs
Lehigh University,Bethlehem,PA,www.lehigh.edu,https://studysoup.com/assets/school_logos/lehigh-university-fe207f947d87f4a16bcca50eccc4453c.svg,Mountain Hawks
Lewis & Clark College,Portland,OR,www.lclark.edu/,http://futuralia.fil.pt/wp-content/uploads/studyabroad/horizontal-blue-red-3c.jpg,Warriors
Louisiana State University and A&M College,Baton Rouge,LA,www.lsu.edu,http://www.findthatlogo.com/wp-content/gallery/louisiana-state-university-logos/louisiana-state-university-logo.jpg,Tigers
Louisiana State University at Alexandria,Alexandria,LA,www.lsua.edu,http://www.findthatlogo.com/wp-content/gallery/louisiana-state-university-logos/louisiana-state-university-logo.jpg,Tigers
Louisiana State University at Eunice,Eunice,LA,www.lsue.edu,http://www.findthatlogo.com/wp-content/gallery/louisiana-state-university-logos/louisiana-state-university-logo.jpg,Tigers
Louisiana State University at Shreveport,Shreveport,LA,www.lsus.edu/,http://www.findthatlogo.com/wp-content/gallery/louisiana-state-university-logos/louisiana-state-university-logo.jpg,Tigers
Louisiana Tech University,Ruston,LA,www.latech.edu,https://www.higheredjobs.com/images/AccountImages/972_1.jpg,Bulldogs
Lourdes University,Sylvania,OH,www.lourdes.edu,http://www.lourdes.edu/wp-content/uploads/2015/12/LourdesUniversityLogo-300x259.jpg,Grey Wolves
Loyola Marymount University,Los Angeles,CA,www.lmu.edu,https://upload.wikimedia.org/wikipedia/en/9/91/Loyola_Marymount_Seal_Colored.png,Lions
Loyola University Maryland,Baltimore,MD,www.loyola.edu,https://pbs.twimg.com/profile_images/495215958370177025/1cpcvkBD.jpeg,Greyhounds
Lyon College,Batesville,AR,www.lyon.edu,http://entry.inspironlogistics.com/lyon/logo.jpg,Scots
Malone University,Canton,OH,www.malone.edu,https://www.malone.edu/images/logo-schema.png,Pioneers
Marietta College,Marietta,OH,www.marietta.edu,http://www.marietta.edu/sites/default/files/images/mc_brand_guide_faux_seal.png,Pioneers
Marymount University,Arlington,VA,www.marymount.edu,https://www.cappex.com/assets/c-232706/logos/marymount-university_2016-10-04_12-32-58.904.jpg,Saints
Miami University,Oxford,OH,www.muohio.edu,http://www.users.miamioh.edu/cristto/Miami_logo.jpg,Red Hawks
Michigan State University,East Lansing,MI,www.msu.edu,https://storage.googleapis.com/media.mwcradio.com/cache-v2/1f/37/1f376a06276621c3d0e3e95945b62c7d.jpg,Sparatans
Mississippi State University,Mississippi State,MS,www.msstate.edu/,http://www.opa.msstate.edu/identity/images/msstate-maroon.png,Bulldogs
Mississippi Valley State University,Itta Bena,MS,www.mvsu.edu,https://upload.wikimedia.org/wikipedia/en/2/28/Mississippi_Valley_State_Univ._seal.png,Devils
Missouri State University,Springfield,MO,www.missouristate.edu,http://missouristate.info/images/2010/homepage/logo.png,Bears
Missouri State University - West Plains,West Plains,MO,www.wp.smsu.edu/,http://missouristate.info/images/2010/homepage/logo.png,Bears
Montana State University - Billings,Billings,MT,www.msubillings.edu,https://flagspot.net/images/u/us_u_mts2.gif,Bobcats
Montana State University - Bozeman,Bozeman,MT,www.montana.edu/,https://flagspot.net/images/u/us_u_mts2.gif,Bobcats
Montana State University - Great Falls College of Technology,Great Falls,MT,www.msugf.edu,https://flagspot.net/images/u/us_u_mts2.gif,Bobcats
Montana State University - Northern,Havre,MT,www.msun.edu,https://flagspot.net/images/u/us_u_mts2.gif,Bobcats
Montgomery College,Rockville,MD,www.montgomerycollege.edu,https://images.efollett.com/htmlroot/images/templates/storeLogos/CA/1531.gif,Raptors
Morehead State University,Morehead,KY,www.moreheadstate.edu,http://s3.amazonaws.com/libapps/accounts/13679/images/msu_logo_text.jpg,Eagle
Morgan State University,Baltimore,MD,www.morgan.edu,http://www.morgan.edu/toolkit/logos/assets/new-MSUTall-Color.jpg,Bears
Mount Vernon Nazarene University,Mount Vernon,OH,www.mvnu.edu,https://calculator.mvnu.edu/images/Home_Logo.jpg,Cougars
Muskingum University,New Concord,OH,www.muskingum.edu,http://odk.org/wp-content/uploads/2014/05/muskingum.jpg,Muskies
Norfolk State University,Norfolk,VA,www.nsu.edu,https://www.nsu.edu/Assets/websites/psychology/cyberpsychology/NSU-logo.png,Spartans
North Carolina State University,Raleigh,NC,www.ncsu.edu,https://upload.wikimedia.org/wikipedia/en/thumb/d/db/NC_State_Seal.svg/1200px-NC_State_Seal.svg.png,Wolfpack
Northwest Missouri State University,Maryville,MO,www.nwmissouri.edu,http://www.nwmissouri.edu/marketing/images/design/logos/N60-2Stack-G.png,Bearcats
Oberlin College,Oberlin,OH,www.oberlin.edu,https://upload.wikimedia.org/wikipedia/en/thumb/7/75/Formal_Seal_of_Oberlin_College%2C_Oberlin%2C_OH%2C_USA.svg/1200px-Formal_Seal_of_Oberlin_College%2C_Oberlin%2C_OH%2C_USA.svg.png,Albino Squirrels
Ohio Dominican University,Columbus,OH,www.ohiodominican.edu,https://www.qualys.com/asset/image/logo/ohio-dominican-university-380.png,Panthers
Ohio Northern University,Ada,OH,www.onu.edu/,http://thecourier.com/wp-content/uploads/2016/02/OhioNorthernLogo-1.jpg,Polar Bears
Ohio State University,Columbus,OH,www.osu.edu,https://www.osu.edu/assets/web/logo-web/TheOhioStateUniversity-Stacked.jpg,Buckeyes
Ohio University - Main Campus,Athens,OH,www.ohio.edu,https://www.ohio.edu/ucm/brand-center/toolkit/Downloads/images/ohioLogo-stacked_fc-copy_1.png,Bobcats
Oklahoma State University,Stillwater,OK,pio.okstate.edu,https://upload.wikimedia.org/wikipedia/en/thumb/4/40/Oklahoma_State_University_Seal.svg/1024px-Oklahoma_State_University_Seal.svg.png,Cowboys
Oklahoma State University - Oklahoma City,Oklahoma City,OK,www.osuokc.edu,https://upload.wikimedia.org/wikipedia/en/thumb/4/40/Oklahoma_State_University_Seal.svg/1024px-Oklahoma_State_University_Seal.svg.png,Cowboys
Old Dominion University,Norfolk,VA,www.odu.edu,http://www.cs.odu.edu/~ayaseen/pictures/odu_logo.gif,Big Blue
Olivet College,Olivet,MI,www.olivetcollege.edu,https://www.olivetcollege.edu/wp-content/uploads/2014/08/olivet-img.jpg,Comets
Olivet University,Anza,CA,www.olivetuniversity.edu,http://graduate.olivet.edu/sites/all/themes/olivet/logo.png,Tigers
Oregon State University,Corvallis,OR,oregonstate.edu,http://communications.oregonstate.edu/sites/communications.oregonstate.edu/files/logo_websitetag.png,Beavers
Otterbein University,Westerville,OH,www.otterbein.edu,https://upload.wikimedia.org/wikipedia/en/6/67/Otterbein_University_logo.png,Cardinals
Pepperdine University,Malibu,CA,www.pepperdine.edu/,https://community.pepperdine.edu/imc/images/brand/pep-uni.jpg,Waves
Roanoke College,Salem,VA,www.roanoke.edu,https://www.roanoke.edu/ui/images/logo-footer-mobile.png,Maroons
"Rutgers, The State University of New Jersey",New Brunswick,NJ,www.rutgers.edu/,https://upload.wikimedia.org/wikipedia/commons/thumb/b/b3/Rutgers_University_with_the_state_university_logo.svg/2000px-Rutgers_University_with_the_state_university_logo.svg.png,Scarlet Knights
Shawnee State University,Portsmouth,OH,WWW.SHAWNEE.EDU,https://www.collegeatlas.org/wp-content/uploads/2014/04/shawnee-state-university.gif,Bears
South Carolina State University,Orangeburg,SC,www.scsu.edu,https://images.efollett.com/htmlroot/images/templates/storeLogos/CA/035.gif,Bulldogs
South Dakota State University,Brookings,SD,www3.sdstate.edu,https://s-media-cache-ak0.pinimg.com/originals/54/64/27/546427dcb3f689f55a92d23561b08f26.jpg,Jack Rabbits
Southeast Missouri State University,Cape Girardeau,MO,WWW.SEMO.EDU,https://upload.wikimedia.org/wikipedia/en/thumb/b/bb/Southeast_Missouri_State_Redhawks_logo.svg/1200px-Southeast_Missouri_State_Redhawks_logo.svg.png,Red Hawks
Suffolk University,Boston,MA,www.suffolk.edu,https://d1l2atlc7o8lye.cloudfront.net/college_logos/400x225/suffolk-university_mini.jpg,Rams
Sweet Briar College,Sweet Briar,VA,www.sbc.edu,http://prsahr.org/images/sweet-briar-college_.jpg,Vixens
Syracuse University,Syracuse,NY,www.syr.edu/,https://d28htnjz2elwuj.cloudfront.net/wp-content/uploads/2013/11/Syracuse_University_logo.jpg,Orange
Tennessee State University,Nashville,TN,www.tnstate.edu,http://www.factorydirectmodels.com/wp-content/uploads/fdm_gallery/1408515277_texas_christian_university_60097l1_3797.jpg,Horned Frogs
Tennessee Wesleyan University,Athens,TN,www.twcnet.edu,https://portal.tnwesleyan.edu/ICS/icsfs/mm/tnwlogo_cropped_trans.png?target=77961318-bd85-4c64-bc74-e626a5ef3695,Bulldogs
Texas A&M University,College Station,TX,www.tamu.edu,http://iqse.tamu.edu/images/TAM-Stack.png,Aggies
Texas Southern University,Houston,TX,www.tsu.edu,https://upload.wikimedia.org/wikipedia/en/b/b0/Texas_Southern_University_seal.png,Tigers
The University of Alabama,Tuscaloosa,AL,www.ua.edu/,https://s-media-cache-ak0.pinimg.com/originals/d0/d6/ff/d0d6ff7268fb65ea7f5fef6ac0ba4b0c.jpg,Crimson Tide
The University of Findlay,Findlay,OH,www.findlay.edu/,http://seem.findlay.edu/backend/uf-2016-logo-on-alpha-380-x-140.png,Oilers
The University of Montana,Missoula,MT,www.umt.edu,https://www.umt.edu/images/affiliate_logos/UMLogoMaroon.jpg,Bears
The University of Tampa,Tampa,FL,www.ut.edu,http://www.ut.edu/uploadedImages/Siteroot_Resources/Global_Settings/logo@3x.png,Spartans
The University of Tennessee - Knoxville,Knoxville,TN,www.tennessee.edu,https://www.utk.edu/assets/css/png/header-logo.png,Volunteers
The University of Texas at Arlington,Arlington,TX,www.uta.edu,http://brand.utexas.edu/sites/default/files/image-link/RGB_university_primary_stacked.png,Longhorns
Tiffin University,Tiffin,OH,www.tiffin.edu,https://images.efollett.com/htmlroot/images/templates/storeLogos/CA/1496.gif,Dragons
Towson University,Towson,MD,www.towson.edu,http://cms.montgomerycollege.edu/assets/0/2345/2346/4043/4c286516-b737-4d2c-87ed-d8119467bc92.jpg,Tigers
Trinity Washington University,Washington,DC,www.trinitydc.edu,https://upload.wikimedia.org/wikipedia/en/f/f6/Logo-Trinity-Washington-University.jpg,Tigers
Tufts University,Medford,MA,www.tufts.edu,http://communications.tufts.edu/wp-content/uploads/tufts-logo-univ-blue.png,Jumbos
Tulane University,New Orleans,LA,www.tulane.edu,http://communications.tulane.edu/sites/g/files/rdw811/f/wordmark2color.jpeg,Pelicans
Tuskegee University,Tuskegee,AL,www.tuskegee.edu,https://www.cappex.com/assets/c-102377/logos/2010-09-08_08-06-14.529.gif,Golden Tigers
United States Naval Academy,Annapolis,MD,www.usna.edu,https://www.usna.edu/_files/images/aboutusna/usna-seal.png,Goats
University of Akron,Akron,OH,www.uakron.edu,https://www.uakron.edu/im/resources/brand/images/jan2017/UAWordmark_blue.png,Zips
University of Alabama at Birmingham,Birmingham,AL,www.uab.edu,https://hoopdirt.com/wp-content/uploads/2016/04/uab-logo.gif,Blazers
University of Alaska Anchorage,Anchorage,AK,www.uaa.alaska.edu,https://www.alaska.edu/files/opa/color.jpg,Nanooks
University of Arizona,Tucson,AZ,www.arizona.edu,https://media.licdn.com/mpr/mpr/shrink_200_200/p/4/005/052/0e5/023b952.png,Wildcats
University of Arkansas,Little Rock,AR,www.ualr.edu,http://logo.uark.edu/graphic-identity/logos-and-wordmarks/downloads/UA_Logo.jpg,Razorbacks
University of Baltimore,Baltimore,MD,www.ubalt.edu,http://www.ubalt.edu/about-ub/offices-and-services/marketing-and-creative-services/resources/style-guide/graphic-identity-guide/images/UB_Logo_V_Blue.png,Bees
University of California - Davis,Davis,CA,www.ucdavis.edu,https://swicklab.files.wordpress.com/2014/08/uc-davis-logo-blue1.png,Aggies
"University of California, Berkeley",Berkeley,CA,www.berkeley.edu,http://pnptc.s3.amazonaws.com/wp-content/uploads/2015/08/berkeleylogo.jpg,Bears
University of Central Florida,Orlando,FL,www.ucf.edu/,https://s-media-cache-ak0.pinimg.com/originals/19/ff/ce/19ffce8b4ffb3e4952bf8c6aad54817f.jpg,Knights
University of Charleston,Charleston,WV,www.ucwv.edu,http://app.readmedia.com/letterheads/view/3207,Golden Eagles
University of Chicago,Chicago,IL,WWW.UCHICAGO.EDU,https://upload.wikimedia.org/wikipedia/en/thumb/9/93/University_of_Chicago_logo.svg/1280px-University_of_Chicago_logo.svg.png,Phoenix
University of Cincinnati,Cincinnati,OH,www.uc.edu,http://www.uc.edu/ucomm/brand/jcr%3Acontent/MainContent/responsiveparsys/1476127743557/image/image.img.png/1476129119847.png,Bearcats
University of Colorado at Boulder,Boulder,CO,www.colorado.edu,http://www.cu.edu/sites/all/themes/cu/logo.png,Buffalos
University of Colorado at Colorado Springs,Colorado Springs,CO,www.uccs.edu,http://www.cu.edu/sites/all/themes/cu/logo.png,Buffalos
University of Colorado Denver,Aurora,CO,www.cudenver.edu,http://www.cu.edu/sites/all/themes/cu/logo.png,Buffalos
University of Connecticut,Storrs,CT,www.uconn.edu,https://d28htnjz2elwuj.cloudfront.net/wp-content/uploads/2013/11/University_of_Connecticut_logo.jpg,Huskies
University of Dallas,Irving,TX,www.udallas.edu,https://specials-images.forbesimg.com/imageserve/559ae73ae4b05c2c3431b247/300x300.jpg?fit=scale&background=000000,Golden Crusaders
University of Dayton,Dayton,OH,www.udayton.edu,http://cultureworks.org/wp-content/uploads/2012/10/UDLogochapelcolor.jpg,Flyers
University of Delaware,Newark,DE,www.udel.edu,https://careers.insidehighered.com/getasset/17f0f44d-496b-4f5c-9230-9fb61c2de2f3/,Blue Hens
University of Denver,Denver,CO,www.du.edu,http://www.du.edu/marcomm/assets/images/UniversityOfDenver-Signature.jpg,Pioneers
University of Florida,Gainesville,FL,www.ufl.edu/,https://upload.wikimedia.org/wikipedia/commons/thumb/8/8e/University_of_Florida_logo.svg/2000px-University_of_Florida_logo.svg.png,Gators
University of Georgia,Athens,GA,www.uga.edu,http://www.uga.edu/assets/img/GEORGIA-V-FC.png,Bulldogs
University of Hawaii at Manoa,Honolulu,HI,www.manoa.hawaii.edu,http://manoa.hawaii.edu/confuciusinstitute/wp-content/uploads/2017/03/manoaseal_transparent.png,Rainbow Warriors
University of Houston,Houston,TX,www.uh.edu,http://www.isiahfactor.com/wp-content/uploads/2014/11/wpid-wp-1415999789960.png,Cougars
University of Idaho,Moscow,ID,www.uidaho.edu,http://www.commonapp.org/files/styles/400-y/public/school/logo/Homepage_IDAHO_ui-logo.jpg?itok=dofqwDhR,Vandals
University of Illinois,Champaign,IL,www.uiuc.edu/,https://bigtenrentals.com/wp-content/uploads/2015/05/University-of-Illinois-logo.gif,Illini
University of Iowa,Iowa City,IA,www.uiowa.edu,https://brand.uiowa.edu/sites/brand.uiowa.edu/files/primary_dome_and_wordmark_ffcd00.png,Hawkeyes
University of Kansas,Lawrence,KS,www.ku.edu,https://www.ku.edu/assets/ku-template/images/logo.png,Jayhawks
University of Kentucky,Lexington,KY,www.uky.edu,http://www.kentucky.com/news/local/education/acd31b/picture50951895/alternates/FREE_640/Old%20UK%20logo,Wildcats
University of Louisville,Louisville,KY,www.louisville.edu,https://seeklogo.com/images/U/university-of-louisville-cardinals-logo-BFCAFCCF9B-seeklogo.com.gif,Cardinals
University of Maine,Orono,ME,www.umaine.edu/,http://www.nextstepmaine.org/wp-content/uploads/University-of-Maine-Orono_avatar_1382558876.jpg,Bears
University of Mary Washington,Fredericksburg,VA,www.umw.edu,https://signup.mypaymentplan.com/InstaFACTS/ecashier/images/univofmarywash.gif,Eagles
University of Maryland - College Park,College Park,MD,www.umd.edu,https://brand.umd.edu/trademarks/marks/gr/primary2.gif,Terapins
University of Massachusetts Amherst,Amherst,MA,www.umass.edu,https://s-media-cache-ak0.pinimg.com/originals/9e/54/ba/9e54ba4ed1e39b3a292687e2668efd8a.jpg,Minutemen
University of Memphis,Memphis,TN,www.memphis.edu,http://www.memphis.edu/logo/images/download/uofmpreferred1crgb.png,Tigers
University of Miami,Coral Gables,FL,www.miami.edu/,http://cdn.miami.edu/_assets-common/images/system/um-print-logo.png,Hurricanes
University of Michigan - Ann Arbor,Ann Arbor,MI,www.umich.edu,http://vpcomm.umich.edu/assets/brand/home/logo.png,Wolverines
University of Minnesota - Twin Cities,Minneapolis,MN,www1.umn.edu/twincities/index.php,https://upload.wikimedia.org/wikipedia/commons/6/6d/University_of_Minnesota_wordmark.png,Golden Gophers
University of Mississippi,University,MS,www.olemiss.edu,https://ahc-assets-website-wsp.s3.amazonaws.com/Univeristy%20of%20Mississippi.png,The Bears
University of Missouri - Columbia,Columbia,MO,www.missouri.edu,http://www.mhpc.missouri.edu/layout/images/logos/MU_UniversitySig_vert_RGB.png,Tigers
University of Mobile,Mobile,AL,www.umobile.edu,https://umportal.umobile.edu/ICS/icsfs/mm/201_nations_logo_with_tagline.png?target=9eb0e433-0f62-4c17-8fb1-70efccadf4f0,Rams
University of Montevallo,Montevallo,AL,www.montevallo.edu,http://www.montevallo.edu/assets/2014/04/Logo_V.jpg,Falcons
University of Mount Olive,Mount Olive,NC,www.moc.edu,https://www.umo.edu/sites/default/files/umo_tall_rgb.jpg,Trojans
University of Mount Union,Alliance,OH,www.mountunion.edu,https://upload.wikimedia.org/wikipedia/en/0/0c/Mount_Union_logo.png,Purple Raiders
University of Nebraska - Lincoln,Lincoln,NE,www.unl.edu,http://www.unl.edu/images/aboutunl/big10logos/svg/logo-nebraska.svg,Huskers
University of Nevada - Las Vegas,Las Vegas,NV,www.unlv.edu,http://www.unr.edu/Images/news/2015/Aug/Nevada%20official%20logo_350.jpg,Wolfpack
University of Nevada - Reno,Reno,NV,www.unr.edu,http://www.unr.edu/Images/news/2015/Aug/Nevada%20official%20logo_350.jpg,Wolfpack
University of New England,Biddeford,ME,WWW.UNE.EDU,http://soap.siteturbine.com/siteturbine/shared_pages/thumbnail.gif?url=http%3A%2F%2Fgsbs.siteturbine.com%2Fuploaded_files%2Fgsbs.umaine.edu%2Fimages%2Fune.gif&maxWidth=300&maxHeight=155&stretch=1,Nor'easters
University of New Hampshire,Durham,NH,www.unh.edu,http://www.unh.edu/cpa/images/logos/CenterStackedBlueDigital_RGB.png,Wildcats
University of New Mexico,Albuquerque,NM,www.unm.edu,http://auctionsouthwest.com/wp-content/uploads/2011/01/UNM-logo-2.jpg,Lobos
University of New Orleans,New Orleans,LA,www.uno.edu,http://odk.org/wp-content/uploads/2014/05/new-orleans1.jpg,Privateers
University of North Carolina at Chapel Hill,Chapel Hill,NC,www.unc.edu,http://identity.unc.edu/files/2014/01/image29a.jpg,Tar Heels
University of North Dakota,Grand Forks,ND,www.und.edu,https://und.edu/identity/_files/images/logos/download/vt-logotype-full-rgb.png,Fighting Hawks
University of North Florida,Jacksonville,FL,www.unf.edu,https://d28htnjz2elwuj.cloudfront.net/wp-content/uploads/2013/11/University_of_North_Florida_logo.jpg,Ospreys
University of North Texas,Denton,TX,www.unt.edu,https://webassets.unt.edu/unt-foundation/images/unt-logo-stacked-green.svg,Eagles
University of Northern Iowa,Cedar Falls,IA,www.uni.edu,https://www.google.com/search?q=University+of+Rochester+mascot&source=lnms&tbm=isch&sa=X&ved=0ahUKEwjNt-z5ibfUAhXIMz4KHUxOBoMQ_AUICigB&biw=1024&bih=671#tbm=isch&q=University+of+Northern+Iowa&imgrc=HMSxut9pKXRaYM:,Panthers
University of Northwestern Ohio,Lima,OH,www.unoh.edu,https://www.scoutforceathlete.com/media/college/university-of-northwestern-ohio55d705b597f90.jpg,Racers
University of Notre Dame,Notre Dame,IN,www.nd.edu,https://upload.wikimedia.org/wikipedia/en/thumb/f/f1/University_of_Notre_Dame_logo.svg/1280px-University_of_Notre_Dame_logo.svg.png,Fighting Irish
University of Oklahoma,Norman,OK,www.ou.edu,http://www.myatmarket.com/pics/Logos/OU%20Wordmark.png,Sooners
University of Oregon,Eugene,OR,www.uoregon.edu,https://www.mindful.org/wp-content/uploads/2015/06/university-of-oregon.png,Ducks
University of Pennsylvania,Philadelphia,PA,www.upenn.edu,http://www.freelogovectors.net/wp-content/uploads/2014/01/Penn_Logo_University_of_Pennsylvania-Coat-of-Arms1.jpg,Quakers
University of Pittsburgh - Main Campus,Pittsburgh,PA,www.pitt.edu,https://upload.wikimedia.org/wikipedia/en/thumb/f/fb/University_of_Pittsburgh_seal.svg/1010px-University_of_Pittsburgh_seal.svg.png,Panthers
University of Portland,Portland,OR,www.up.edu,https://upload.wikimedia.org/wikipedia/en/1/17/University_Portland_logo.png,Pilots
University of Rhode Island,Kingston,RI,www.uri.edu/,https://d28htnjz2elwuj.cloudfront.net/wp-content/uploads/2013/11/University_of_Rhode_Island_logo.jpg,Rams
University of Richmond,Richmond,VA,www.richmond.edu,https://user-content.givegab.com/uploads/group/logo/52/university-of-richmond-logo.jpg,Spiders
University of Rochester,Rochester,NY,www.rochester.edu,https://d28htnjz2elwuj.cloudfront.net/wp-content/uploads/2013/11/University_of_Rochester_logo.png,Yellow Jackets
University of Saint Francis - Fort Wayne,Fort Wayne,IN,www.sf.edu,http://c.ymcdn.com/sites/www.icindiana.org/resource/resmgr/campus_logos/stfrancis.gif,Cougars
University of Saint Joseph,West Hartford,CT,www.sjc.edu,https://upload.wikimedia.org/wikipedia/en/thumb/c/c0/UnivSJct.jpg/220px-UnivSJct.jpg,Blue Jays
University of Saint Mary,Leavenworth,KS,www.stmary.edu,http://www.bestvaluecolleges.org/files/nominees/dc2b04d9163f35fc8ffc6f3b15510ad156.jpg,Spires
University of San Diego,San Diego,CA,www.sandiego.edu,https://upload.wikimedia.org/wikipedia/en/thumb/0/0e/University_of_San_Diego_logo.svg/641px-University_of_San_Diego_logo.svg.png,Toreros
University of San Francisco,San Francisco,CA,www.usfca.edu,http://1.bp.blogspot.com/-4dlgnzryhVk/TlEhEDhO0jI/AAAAAAAAB-4/qxBaBD6nbNs/s500/University+of+San+Francisco+logo+2011+centered.png,Dons
University of Sioux Falls,Sioux Falls,SD,usiouxfalls.edu,https://i.forbesimg.com/media/lists/colleges/university-of-south-dakota_416x416.jpg,Coyotes
University of South Carolina - Columbia,Columbia,SC,www.sc.edu/,http://odk.org/wp-content/uploads/2014/05/south-carolina1.png,Gamecocks
University of South Dakota,Vermillion,SD,WWW.USD.EDU,https://i.forbesimg.com/media/lists/colleges/university-of-south-dakota_416x416.jpg,Coyotes
University of South Florida,Tampa,FL,www.usf.edu,http://www.books-not-bombs.com/content/images/schools/usf.png,Bulls
University of Southern California,Los Angeles,CA,www.usc.edu/,https://upload.wikimedia.org/wikipedia/en/thumb/7/70/University_of_Southern_California_Logo.svg/1280px-University_of_Southern_California_Logo.svg.png,Trojans
University of Southern Mississippi,Hattiesburg,MS,www.usm.edu,https://upload.wikimedia.org/wikipedia/en/thumb/0/04/University_of_Southern_Mississippi_Seal.svg/1200px-University_of_Southern_Mississippi_Seal.svg.png,Golden Eagles
University of Texas at Austin,Austin,TX,www.utexas.edu,https://tuition.utexas.edu/sites/all/themes/tuition/logo.png,Longhorns
University of the District of Columbia,Washington,DC,www.udc.edu,https://upload.wikimedia.org/wikipedia/en/6/6e/University_of_the_District_of_Columbia_%28logo%29.jpg,Firebirds
University of Toledo,Toledo,OH,www.utoledo.edu/,https://d28htnjz2elwuj.cloudfront.net/wp-content/uploads/2013/08/University-of-Toledo-logo.jpg,Rockets
University of Tulsa,Tulsa,OK,www.utulsa.edu,https://d28htnjz2elwuj.cloudfront.net/wp-content/uploads/2013/11/University_of_Tulsa_Logo.jpg,Canes
University of Utah,Salt Lake City,UT,www.utah.edu,https://i.forbesimg.com/media/lists/colleges/university-of-utah_416x416.jpg,Utes
University of Vermont,Burlington,VT,www.uvm.edu,http://www.uvm.edu/www/images/logos/uvmlogo-63865e.gif,Catamounts
University of Virginia,Charlottesville,VA,www.virginia.edu/,https://www.transcepta.com/wp-content/uploads/2016/02/University_Of_Virginia_Logo_04.png,Cavaliers
University of Washington,Seattle,WA,www.washington.edu,http://students.washington.edu/pes/Images/UW%20Seal.GIF,Huskies
University of Wisconsin - Madison,Madison,WI,www.wisc.edu,https://brand.wisc.edu/content/uploads/2016/11/uw-logo-red-centered-300x180.png,Badgers
University of Wyoming,Laramie,WY,www.uwyo.edu,http://www.atmos.uwyo.edu/uwka/images/UWSig_brown.png,Cowboys
Upper Iowa University,Fayette,IA,www.uiu.edu,https://images.efollett.com/htmlroot/images/templates/storeLogos/CA/308.gif,Peacocks
Urbana University,Urbana,OH,www.urbana.edu,http://www.firststudent.com/wp-content/uploads/2016/03/New-Urbana-Primary-Logo-002.png,Blue Knights
Utah State University,Logan,UT,www.usu.edu,http://cdn2.hubspot.net/hub/171614/file-1617961694-jpg/vertical_logo_blue.jpg,Aggies
Utah Valley University,Orem,UT,www.uvu.edu,https://upload.wikimedia.org/wikipedia/en/thumb/a/a1/Utah_Valley_University_seal.svg/1024px-Utah_Valley_University_seal.svg.png,Wolverines
Valdosta State University,Valdosta,GA,www.valdosta.edu,http://www.americanlogogear.com/uploads/1/8/3/0/18305501/5009481.png?202,Blazers
Vanderbilt University,Nashville,TN,www.vanderbilt.edu,http://www.vanderbilt.edu/cso/images/vu07b.jpg,Commodores
Villanova University,Villanova,PA,www.villanova.edu,http://www1.villanova.edu/content/villanova/artsci/mathematics/cse/ProfDev/_jcr_content/pagecontent/collapsetextimage/image.img.jpg/1492716377927.jpg,Wildcats
Virginia State University,Petersburg,VA,www.vsu.edu,https://upload.wikimedia.org/wikipedia/en/c/c8/VSU_seal.png,Trojans
Virginia Union University,Richmond,VA,www.vuu.edu,http://hbcuconnect.com/images/hbcuprofiles/vaunion_header.gif,Panthers
Wake Forest University,Winston Salem,NC,www.wfu.edu,http://identitystandards.wfu.edu/files/2012/01/WFU_Univ_V_RGB.jpg,Deacons
Walsh University,North Canton,OH,www.walsh.edu,https://www.walsh.edu/img/logo.png,Cavaliers
Washington and Lee University,Lexington,VA,www.wlu.edu/,https://enterprise.google.com/chrome/images-v2/resources/logo-washington-and-lee-university-color.png,Generals
Washington State University,Pullman,WA,www.wsu.edu/,https://brand.wsu.edu/wp-content/themes/brand/images/pages/logos/examples/signature-distorted.png,Cougars
Washington University in St Louis,Saint Louis,MO,www.wustl.edu,https://d28htnjz2elwuj.cloudfront.net/wp-content/uploads/2013/11/Washington_University_in_St.-Louis_logo.jpg,Bears
Wayne State College,Wayne,NE,www.wsc.edu,https://images.efollett.com/htmlroot/images/templates/storeLogos/CA/1137.gif,Wildcats
Wayne State University,Detroit,MI,www.wayne.edu,http://mac.wayne.edu/downloads/warrior_banded_logo.jpg,Warriors
Wesleyan University,Middletown,CT,WWW.WESLEYAN.EDU,https://www.cappex.com/assets/c-130697/logos/wesleyan-university_2013-10-02_09-30-46.103.jpg,Cardinals
West Liberty University,West Liberty,WV,www.westliberty.edu,http://cloudfront.sproutfund.org/files/2014/10/WLU-web.png,Toppers
West Texas A&M University,Canyon,TX,www.wtamu.edu,http://wtamu.edu/webres/Image/Site%20Pictures/News/graphic_standards_2015fall/Verticallogo_7421.png,Bison
West Virginia State University,Institute,WV,www.wvstateu.edu,https://cdn.internationalstudent.com/images/ISI/branded-schools/wvsu.jpg,Hornets
West Virginia University,Morgantown,WV,www.wvu.edu/,http://patienttalk.org/wp-content/uploads/2014/11/Western-Virginia-University.jpg,Mountaineers
Western Carolina University,Cullowhee,NC,www.wcu.edu,https://upload.wikimedia.org/wikipedia/commons/thumb/7/71/Western_Carolina_University_Logo.svg/2000px-Western_Carolina_University_Logo.svg.png,Catamounts
Western Connecticut State University,Danbury,CT,www.wcsu.edu,https://upload.wikimedia.org/wikipedia/en/4/46/WestConn_logo.jpg,Colonials
Western Governors University,Salt Lake City,UT,www.wgu.edu,http://worldscholarshipforum.com/wp-content/uploads/2017/05/Western-Governors-University-StraighterLine-Scholarship.jpg,Owls
Western Illinois University,Macomb,IL,www.wiu.edu,http://www.wiu.edu/images/news/14624/14624_6675_1_thumb.jpg,Bulldogs
Western Kentucky University,Bowling Green,KY,www.wku.edu,https://www.parchment.com/c/images/college/1685-crest-250-200-e4bdddb4b72f7926db0933035d6445f9.png,Hilltoppers
Western Michigan University,Kalamazoo,MI,www.wmich.edu,https://images.efollett.com/htmlroot/images/templates/storeLogos/CA/1333.gif,Broncos
Western Nevada College,Carson City,NV,www.wnc.edu,http://ktvn.images.worldnow.com/images/6825651_G.jpg,Wildcats
Western New England University,Springfield,MA,www.wnec.edu,http://odk.org/wp-content/uploads/2014/05/western-new-england.jpg,Golden Bears
Western New Mexico University,Silver City,NM,www.wnmu.edu,https://www.higheredjobs.com/images/AccountImages/402_2.jpg,Mustangs
Western Oklahoma State College,Altus,OK,www.wosc.edu,http://media.hometeamsonline.com/photos/softball/WOSC/homelogo.jpg?t=0.36454572027655896,Pioneers
Western Oregon University,Monmouth,OR,www.wou.edu,http://www.wou.edu/las/physci/poston//WOU.jpg,Wolves
Wilberforce University,Wilberforce,OH,www.wilberforce.edu,https://giving.wilberforce.edu/image/Insignia-Horizontal.png,Bulldogs
Wilkes University,Wilkes-Barre,PA, www.wilkes.edu ,http://community.wilkes.edu/s/344/images/editor/wu_ppl__places__logos/2C_WU_LOGO.jpg,Colonels
Willamette University,Salem,OR,www.willamette.edu,https://upload.wikimedia.org/wikipedia/en/a/af/WillametteUlogo.png,Bearcats
William Carey University,Hattiesburg,MS,www.wmcarey.edu,http://www.mascotdb.com/images/logos/50410.jpg,Crusaders
Wilmington University,New Castle,DE,www.wilmu.edu,https://i.forbesimg.com/media/lists/colleges/wilmington-university_416x416.jpg,Wildcats
Wingate University,Wingate,NC,www.wingate.edu,https://www.naicu.edu/imgLib/20120217_Wingate_W_RGB.jpg,Bulldogs
Winona State University,Winona,MN,www.winona.edu,https://upload.wikimedia.org/wikipedia/commons/3/3a/Winona_State_University_wordmark.png,Warriors
Winston-Salem State University,Winston-Salem,NC,www.wssu.edu,https://cdn.jbhe.com/wordpress/wp-content/uploads/2016/08/wssu-logo-horiz-2c-primary72.jpg,Rams
Winthrop University,Rock Hill,SC,www.winthrop.edu,http://www.rodgermotiskadesign.com/images/winthrop_logo.jpg?crc=425598042,Eagles
Wittenberg University,Springfield,OH,www.wittenberg.edu,https://careers.insidehighered.com/getasset/0d0f210b-93cd-4849-b02a-b7b95df2999a/,Tigers
Wolford College,Naples,FL,www.wolford.edu,http://webs.wofford.edu/mossre/hc/logo.gif,Terriers
Woodbury University,Burbank,CA,www.woodbury.edu,http://www.qgits.org/wp-content/uploads/2015/04/0j7BX03U-1.png,Warriors
Worcester State University,Worcester,MA,www.worcester.edu,http://odk.org/wp-content/uploads/2014/05/worcester.jpg,Lancers
Wright State University,Dayton,OH,www.wright.edu,http://www.wright.edu/sites/www.wright.edu/files/page/attachments/03_WRIGHTSTATE_BIPLANE_N_FULL.png,Raiders
Xavier University,Cincinnati,OH,www.xavier.edu,http://logonoid.com/images/xavier-university-logo.png,The Musketeers
Yale University,New Haven,CT,WWW.YALE.EDU,https://upload.wikimedia.org/wikipedia/commons/2/24/Yale_University_Logo.jpg,Bulldogs
York College,York,NE,www.york.edu/,http://cdn.stateuniversity.com/assets/logos/images/6703/large_logo.gif,Cardinals
York College of Pennsylvania,York,PA,www.ycp.edu,https://yt3.ggpht.com/-cD85kN46G1M/AAAAAAAAAAI/AAAAAAAAAAA/HZPheOxBoI4/s900-c-k-no-mo-rj-c0xffffff/photo.jpg,Spartans
Young Harris College,Young Harris,GA,www.yhc.edu,http://member.naicu.edu/imgLib/20110105_YHC_logo2597c.jpg,Mountain Lions
Youngstown State University,Youngstown,OH,www.ysu.edu,http://newsroom.ysu.edu/wp-content/uploads/2016/03/Logo-1-University-Y.horz_.jpg,Penguins
Yuba College,Marysville,CA,yc.yccd.edu/,http://californiacommunitycolleges.cccco.edu/Portals/0/colleges/collegeLogo/YubaCollegelogo.jpg,49ers
Zane State College,Zanesville,OH,www.zanestate.edu,http://ohiocommunitycolleges.org/wp-content/uploads/2014/09/ZSC.jpg,Tigers